,season,episode,link
0,season1,101pilot,season1/101pilot.htm
0,season1,102towsg,season1/102towsg.htm
0,season1,103thumb,season1/103thumb.htm
0,season1,104towgs,season1/104towgs.htm
0,season1,105egld,season1/105egld.htm
0,season1,106butt,season1/106butt.htm
0,season1,107towbo,season1/107towbo.htm
0,season1,108ndt,season1/108ndt.htm
0,season1,109uga,season1/109uga.htm
0,season1,110monk,season1/110monk.htm
0,season1,111mbing,season1/111mbing.htm
0,season1,112towdl,season1/112towdl.htm
0,season1,113tits,season1/113tits.htm
0,season1,114towch,season1/114towch.htm
0,season1,115towsg,season1/115towsg.htm
0,season1,116part1,season1/116part1.htm
0,season1,117part2,season1/117part2.htm
0,season1,118poke,season1/118poke.htm
0,season1,119mga,season1/119mga.htm
0,season1,120toweo,season1/120toweo.htm
0,season1,121towfm,season1/121towfm.htm
0,season1,122ick,season1/122ick.htm
0,season1,123birth,season1/123birth.htm
0,season1,124rafo,season1/124rafo.htm
